-3.253623800696087e-05,4.652807050557496e-05,-4.521700101011681e-05,8.860873657490395e-05,-5.628805896162733e-05,0.0002220450166910228,-3.391232966129437e-05,0.0007711564234293399,-2.368633446967724e-05,0.0052475944809739,0.9875962425559386,0.0052475944809739,-2.368633446967724e-05,0.0007711564234293399,-3.391232966129437e-05,0.0002220450166910228,-5.628805896162733e-05,8.860873657490395e-05,-4.521700101011681e-05,4.652807050557496e-05,-3.253623800696087e-05
-0.0002547236213567278,0.0003866131267772615,-0.0003369280092065228,0.00076455740306633,-0.0003469656895997879,0.001996795367399053,0.0001428294281226151,0.007050163510284319,0.001326625292586603,0.04799422478850667,0.8822569150578782,0.04799422478850667,0.001326625292586603,0.007050163510284319,0.0001428294281226151,0.001996795367399053,-0.0003469656895997879,0.00076455740306633,-0.0003369280092065228,0.0003866131267772615,-0.0002547236213567278
-0.000372819483855554,0.000619999739788868,-0.0004527974829903944,0.001286749432781833,-0.0002907967689997192,0.003517877778922408,0.001134633089094529,0.01257909164927767,0.005354133507131151,0.08483171085990225,0.7830976108400601,0.08483171085990225,0.005354133507131151,0.01257909164927767,0.001134633089094529,0.003517877778922408,-0.0002907967689997192,0.001286749432781833,-0.0004527974829903944,0.000619999739788868,-0.000372819483855554
-0.0004009310047212764,0.0007579702058808849,-0.0004207319620752368,0.001660475335491342,3.686707905193892e-05,0.004740783548020131,0.002680311587649171,0.01706095779040036,0.01109526460288119,0.1128593297919907,0.6992459199315553,0.1128593297919907,0.01109526460288119,0.01706095779040036,0.002680311587649171,0.004740783548020131,3.686707905193892e-05,0.001660475335491342,-0.0004207319620752368,0.0007579702058808849,-0.0004009310047212764
-0.0003709553189914552,0.0008401126643075599,-0.0002910027247615161,0.001949839966425785,0.000544509306741874,0.005786583935794043,0.004571914807220825,0.02082941318669826,0.01782895571407503,0.1339364990636235,0.628041812465013,0.1339364990636235,0.01782895571407503,0.02082941318669826,0.004571914807220825,0.005786583935794043,0.000544509306741874,0.001949839966425785,-0.0002910027247615161,0.0008401126643075599,-0.0003709553189914552
-0.0003044004636984454,0.0008931471233489507,-9.774544550792963e-05,0.002197850875866467,0.00116912703424185,0.00673616542191554,0.006664452209416504,0.0241157124496432,0.02503549722334954,0.1495369480912836,0.5673204503663957,0.1495369480912836,0.02503549722334954,0.0241157124496432,0.006664452209416504,0.00673616542191554,0.00116912703424185,0.002197850875866467,-9.774544550792963e-05,0.0008931471233489507,-0.0003044004636984454
-0.0002155113514603409,0.0009347720335464539,0.0001362091723796997,0.002432691481599326,0.001867833974243443,0.007642069894767906,0.008858120546540622,0.02707711158896221,0.03234680740656798,0.1608290382360534,0.5153157134036832,0.1608290382360534,0.03234680740656798,0.02707711158896221,0.008858120546540622,0.007642069894767906,0.001867833974243443,0.002432691481599326,0.0001362091723796997,0.0009347720335464539,-0.0002155113514603409
-0.000113501848265429,0.0009764149496134555,0.000395878144889615,0.002672224428248721,0.002611816909638606,0.008537062077447819,0.01108530547811661,0.02981792520580554,0.03950837314286655,0.1687392011764687,0.4705831331396758,0.1687392011764687,0.03950837314286655,0.02981792520580554,0.01108530547811661,0.008537062077447819,0.002611816909638606,0.002672224428248721,0.000395878144889615,0.0009764149496134555,-0.000113501848265429
-4.139958339333817e-06,0.001025189110276507,0.0006716656916686918,0.002927207022996453,0.003382010554194164,0.009440292736831519,0.01330112336037743,0.03240505827496337,0.04635018476320894,0.1740020795789883,0.4319382369247272,0.1740020795789883,0.04635018476320894,0.03240505827496337,0.01330112336037743,0.009440292736831519,0.003382010554194164,0.002927207022996453,0.0006716656916686918,0.001025189110276507,-4.139958339333817e-06
0.0001091334445711398,0.001085276727439987,0.0009576234116943918,0.003203572888002978,0.004166022221304617,0.01036170236619317,0.01547657910529143,0.03487939132001462,0.05276459799979474,0.1772001858971518,0.398407142620024,0.1772001858971518,0.05276459799979474,0.03487939132001462,0.01547657910529143,0.01036170236619317,0.004166022221304617,0.003203572888002978,0.0009576234116943918,0.001085276727439987,0.0001091334445711398
0.00022442086993669,0.001158900068386097,0.001250229378626753,0.003504039383385116,0.00495596157702826,0.01130514260331875,0.01759364960112213,0.03726406431845344,0.05868952468062323,0.1787952930580934,0.3691869048926842,0.1787952930580934,0.05868952468062323,0.03726406431845344,0.01759364960112213,0.01130514260331875,0.00495596157702826,0.003504039383385116,0.001250229378626753,0.001158900068386097,0.00022442086993669
0.0003408239322634333,0.001246997511629463,0.001547539108706017,0.003829230466131166,0.005746922638701759,0.01227056766499609,0.01964177812279834,0.03957045027415401,0.06409571689751847,0.1791532985911324,0.3436136340615432,0.1791532985911324,0.06409571689751847,0.03957045027415401,0.01964177812279834,0.01227056766499609,0.005746922638701759,0.003829230466131166,0.001547539108706017,0.001246997511629463,0.0003408239322634333
0.0004580693687738861,0.001349689545673673,0.001848601585773787,0.004178453126183171,0.006535933197581592,0.01325555498197346,0.02161539742276996,0.04180241555166547,0.06897719059356248,0.1785639331858956,0.3211368186509396,0.1785639331858956,0.06897719059356248,0.04180241555166547,0.02161539742276996,0.01325555498197346,0.006535933197581592,0.004178453126183171,0.001848601585773787,0.001349689545673673,0.0004580693687738861
0.0005762554333724089,0.001466596102981537,0.002153063033851048,0.004550227647967541,0.007321237069971029,0.01425634503348962,0.02351219841806507,0.04395931656842022,0.07334405226804279,0.1772563936843003,0.3012986065666218,0.1772563936843003,0.07334405226804279,0.04395931656842022,0.02351219841806507,0.01425634503348962,0.007321237069971029,0.004550227647967541,0.002153063033851048,0.001466596102981537,0.0005762554333724089
0.0006956827840506941,0.001597049409364145,0.002460902710230557,0.004942644151818655,0.008101811570311998,0.01526853909745955,0.0253319356588087,0.04603807037994748,0.07721716105165795,0.1754117518780941,0.2837170555918543,0.1754117518780941,0.07721716105165795,0.04603807037994748,0.0253319356588087,0.01526853909745955,0.008101811570311998,0.004942644151818655,0.002460902710230557,0.001597049409364145,0.0006956827840506941
0.0008167441854451591,0.001740233999405538,0.002772260733294582,0.005353597542975886,0.008877049759814626,0.01628755572682067,0.02707561621228964,0.04803455170360711,0.08062418882619285,0.1731728107272865,0.268072566180432,0.1731728107272865,0.08062418882619285,0.04803455170360711,0.02707561621228964,0.01628755572682067,0.008877049759814626,0.005353597542975886,0.002772260733294582,0.001740233999405538,0.0008167441854451591
0.0009398547437889446,0.001895276456374143,0.003087329403538919,0.005780938177981703,0.00964655690188174,0.01730891883283994,0.02874495987613719,0.04994450459522057,0.08359674193111652,0.170651938193613,0.254096869650763,0.170651938193613,0.08359674193111652,0.04994450459522057,0.02874495987613719,0.01730891883283994,0.00964655690188174,0.005780938177981703,0.003087329403538919,0.001895276456374143,0.0009398547437889446
0.001065409732746954,0.002061300860403452,0.003406287767082187,0.006222564794971134,0.01041002505049246,0.0183284297490011,0.03034204926684092,0.0517641084074563,0.08616828596786516,0.1679372975483428,0.2415640717779605,0.1679372975483428,0.08616828596786516,0.0517641084074563,0.03034204926684092,0.0183284297490011,0.01041002505049246,0.006222564794971134,0.003406287767082187,0.002061300860403452,0.001065409732746954
0.001193760911327042,0.00223746119311646,0.003729265153441685,0.006676478467302354,0.01116716022430559,0.01934226065089979,0.03186911097964634,0.05349030105844354,0.08837267544074404,0.1650978053040969,0.2302833524460481,0.1650978053040969,0.08837267544074404,0.05349030105844354,0.03186911097964634,0.01934226065089979,0.01116716022430559,0.006676478467302354,0.003729265153441685,0.00223746119311646,0.001193760911327042
0.001325204987643797,0.002422958550918825,0.004056323717024034,0.007140810731479839,0.01191764422876123,0.02034699578694167,0.03332838569450779,0.05512093514756785,0.09024313646187807,0.1621870787753661,0.2200930019712366,0.1621870787753661,0.09024313646187807,0.05512093514756785,0.03332838569450779,0.02034699578694167,0.01191764422876123,0.007140810731479839,0.004056323717024034,0.002422958550918825,0.001325204987643797
0.001459979844303868,0.00261704859611538,0.004387453083505164,0.00761383502138034,0.01266111866044638,0.0213396390629595,0.03472205732699297,0.05665482187490056,0.09181158659888529,0.1592465807233978,0.2108555382771824,0.1592465807233978,0.09181158659888529,0.05665482187490056,0.03472205732699297,0.0213396390629595,0.01266111866044638,0.00761383502138034,0.004387453083505164,0.00261704859611538,0.001459979844303868
0.001598265531753117,0.002819042955995739,0.004722572385071315,0.008093967677590009,0.01339718253923444,0.02231760082499208,0.03605222023417125,0.05809170237372691,0.0931082035626859,0.156308125476212,0.2024536997109063,0.156308125476212,0.0931082035626859,0.05809170237372691,0.03605222023417125,0.02231760082499208,0.01339718253923444,0.008093967677590009,0.004722572385071315,0.002819042955995739,0.001598265531753117
0.001740188015047993,0.003028307068630265,0.005061536509215781,0.008579762774499405,0.01412539778986033,0.02327867260682384,0.0373208699408958,0.05943217467292692,0.09416117568359396,0.1533958768908006,0.194787148627163,0.1533958768908006,0.09416117568359396,0.05943217467292692,0.0373208699408958,0.02327867260682384,0.01412539778986033,0.008579762774499405,0.005061536509215781,0.003028307068630265,0.001740188015047993
0.001885824343624368,0.003244256127069012,0.005404144464738199,0.009069903585173998,0.01484529874889698,0.0242209957139083,0.03852990749390205,0.06067759609375282,0.09499658345138466,0.1505279416235783,0.1877697530650216,0.1505279416235783,0.09499658345138466,0.06067759609375282,0.03852990749390205,0.0242209957139083,0.01484529874889698,0.009069903585173998,0.005404144464738199,0.003244256127069012,0.001885824343624368
0.002035208387255299,0.003466350186866262,0.005750148517103193,0.009563192514417437,0.01555640323537624,0.02514302747893891,0.03968115086004605,0.06182997471326583,0.09563837391899514,0.1477176398899647,0.1813273395713346,0.1477176398899647,0.09563837391899514,0.06182997471326583,0.03968115086004605,0.02514302747893891,0.01555640323537624,0.009563192514417437,0.005750148517103193,0.003466350186866262,0.002035208387255299
0.002188336605629657,0.00369408909996814,0.006099263258660922,0.01005854064975867,0.01625822366156358,0.02604350760784545,0.04077634911879188,0.0628918590323511,0.09610839935729698,0.1449745190387724,0.1753958308186003,0.1449745190387724,0.09610839935729698,0.0628918590323511,0.04077634911879188,0.02604350760784545,0.01625822366156358,0.01005854064975867,0.006099263258660922,0.00369408909996814,0.002188336605629657
0.002345173537905582,0.003927007666595999,0.00645117412632783,0.01055495761833346,0.01695027729702983,0.0269214260631692,0.0418171968236974,0.06386623174403792,0.09642649887132906,0.1423051619097192,0.1699196981690387,0.1423051619097192,0.09642649887132906,0.06386623174403792,0.0418171968236974,0.0269214260631692,0.01695027729702983,0.01055495761833346,0.00645117412632783,0.003927007666595999,0.002345173537905582
0.002505656843802877,0.004164671216742612,0.006805545109762828,0.01105154212985787,0.01763209522289102,0.02777599327655673,0.04280534702022626,0.06475641118584879,0.09661060726669118,0.1397138313484377,0.1648506725837659,0.1397138313484377,0.09661060726669118,0.06475641118584879,0.04280534702022626,0.02777599327655673,0.01763209522289102,0.01105154212985787,0.006805545109762828,0.004164671216742612,0.002505656843802877
0.002669701821883337,0.004406671716324168,0.007162025542409799,0.01154747338541592,0.01830322978797332,0.02860661305032298,0.04374242215287955,0.06556596243545341,0.09667687969031377,0.137202983844483,0.1601466679250478,0.137202983844483,0.09667687969031377,0.06556596243545341,0.04374242215287955,0.02860661305032298,0.01830322978797332,0.01154747338541592,0.007162025542409799,0.004406671716324168,0.002669701821883337
0.002837205389662616,0.004652624420004456,0.007520255961310225,0.01204200340529539,0.01896326055064085,0.02941285823225031,0.04463002258009668,0.06629861888936391,0.09663982377383738,0.1347736785778028,0.1557708792734854,0.1347736785778028,0.09663982377383738,0.06629861888936391,0.04463002258009668,0.02941285823225031,0.01896326055064085,0.01204200340529539,0.007520255961310225,0.004652624420004456,0.002837205389662616
0.003008049545437815,0.004902165049185658,0.007879873077284655,0.01253445025291406,0.01961179879184397,0.03019444907954436,0.04546973271847451,0.06695821441294476,0.09651243342036615,0.1324259028484279,0.1516910257964386,0.1324259028484279,0.09651243342036615,0.06695821441294476,0.04546973271847451,0.03019444907954436,0.01961179879184397,0.01253445025291406,0.007879873077284655,0.004902165049185658,0.003008049545437815
0.003182104351130307,0.005154947449779597,0.008240513927512256,0.01302419208933401,0.02024849073983686,0.03095123413249214,0.04626312501501985,0.06754862566454195,0.09630632018222192,0.1301588306384207,0.1478787132894119,0.1301588306384207,0.09630632018222192,0.06754862566454195,0.04626312501501985,0.03095123413249214,0.02024849073983686,0.01302419208933401,0.008240513927512256,0.005154947449779597,0.003182104351130307
0.00335923048455969,0.005410641673271718,0.008601819296509116,0.01351066197230107,0.02087301967118456,0.03168317337139864,0.04701176203811749,0.06807372390088724,0.09603183952134145,0.127971027689993,0.1443088960316715,0.127971027689993,0.09603183952134145,0.06807372390088724,0.04701176203811749,0.03168317337139864,0.02087301967118456,0.01351066197230107,0.008601819296509116,0.005410641673271718,0.00335923048455969
0.003539281412173267,0.005668932421560423,0.008963436495062333,0.01399334330714525,0.0214851070574325,0.03239032341457956,0.0477171970136441,0.06853733540902958,0.0956982102356113,0.1258606138019227,0.1409594212609992,0.1258606138019227,0.0956982102356113,0.06853733540902958,0.0477171970136441,0.03239032341457956,0.0214851070574325,0.01399334330714525,0.008963436495062333,0.005668932421560423,0.003539281412173267
0.003722105231931656,0.005929517797871721,0.009325021583944226,0.01447176585871883,0.02208451291986549,0.03307282451872033,0.04838097313273271,0.06894320964053546,0.09531362605851117,0.1238253909071923,0.1378106425474888,0.1238253909071923,0.09531362605851117,0.06894320964053546,0.04838097313273271,0.03307282451872033,0.02208451291986549,0.01447176585871883,0.009325021583944226,0.005929517797871721,0.003722105231931656
0.003907546232519167,0.006192108310591399,0.009686241122967475,0.01494550224019351,0.02267103554133467,0.03373088915761373,0.04900462193628125,0.0692949941162901,0.0948853589610221,0.1218629437871937,0.1348450907667414,0.1218629437871937,0.0948853589610221,0.0692949941162901,0.04900462193628125,0.03373088915761373,0.02267103554133467,0.01494550224019351,0.009686241122967475,0.006192108310591399,0.003907546232519167
0.004095446210435811,0.006456426082702907,0.01004677351796669,0.01541416480352248,0.023244510667597,0.03436479197579383,0.04958966104829985,0.06959621520324331,0.09441985405412998,0.1199707189136699,0.1320471933456633,0.1199707189136699,0.09441985405412998,0.06959621520324331,0.04958966104829985,0.03436479197579383,0.023244510667597,0.01541416480352248,0.01004677351796669,0.006456426082702907,0.004095446210435811
0.004285645581545396,0.006722204225792673,0.01040631002974243,0.01587740286619522,0.02380481031318831,0.03497486093630709,0.05013759149199534,0.06985026392215786,0.09392281624540599,0.1181460858188541,0.1294030340652772,0.1181460858188541,0.09392281624540599,0.06985026392215786,0.05013759149199534,0.03497486093630709,0.02380481031318831,0.01587740286619522,0.01040631002974243,0.006722204225792673,0.004285645581545396
0.004477984318747078,0.006989186343730315,0.01076455550060056,0.01633490021859759,0.02435184126987566,0.03556146950469828,0.05064989478345839,0.07006038601678691,0.09339928897352916,0.1163863845215928,0.1269001470233832,0.1163863845215928,0.09339928897352916,0.07006038601678691,0.05064989478345839,0.03556146950469828,0.02435184126987566,0.01633490021859759,0.01076455550060056,0.006989186343730315,0.004477984318747078
0.004672302742851595,0.007257126136858688,0.01112122884625708,0.01678637286533089,0.02488554339995798,0.03612502973278379,0.05112802996050756,0.07022967559241054,0.09285372545246895,0.1146889618384753,0.1245273394408888,0.1146889618384753,0.09285372545246895,0.07022967559241054,0.05112802996050756,0.03612502973278379,0.02488554339995798,0.01678637286533089,0.01112122884625708,0.007257126136858688,0.004672302742851595
